"Date","Price","Open","High","Low","Vol.","Change %"
"Dec 31, 2021","736,345","750,358","771,170","728,589","-","-1.88%"
"Dec 30, 2021","750,480","740,879","764,030","733,736","-","1.47%"
"Dec 29, 2021","739,591","749,399","764,181","736,017","-","-1.23%"
"Dec 28, 2021","748,784","787,553","787,679","745,436","-","-4.95%"
"Dec 27, 2021","787,786","789,429","806,842","784,147","-","-0.24%"
"Dec 26, 2021","789,658","786,164","796,843","772,576","-","0.37%"
"Dec 25, 2021","786,778","792,013","797,707","783,235","-","-0.66%"
"Dec 24, 2021","792,024","796,003","807,265","783,147","-","-0.36%"
"Dec 23, 2021","794,885","763,618","801,924","755,759","-","4.05%"
"Dec 22, 2021","763,927","775,159","786,488","763,338","-","-1.47%"
"Dec 21, 2021","775,336","741,336","781,883","737,715","-","4.77%"
"Dec 20, 2021","740,065","743,435","751,119","718,323","-","-0.50%"
"Dec 19, 2021","743,751","745,900","768,353","739,163","-","-0.23%"
"Dec 18, 2021","745,448","735,068","753,196","724,463","-","1.42%"
"Dec 17, 2021","735,007","759,009","765,489","720,901","-","-3.16%"
"Dec 16, 2021","758,957","781,871","789,411","757,634","-","-2.91%"
"Dec 15, 2021","781,669","778,612","796,696","753,403","-","0.40%"
"Dec 14, 2021","778,539","748,088","782,120","742,064","-","4.09%"
"Dec 13, 2021","747,916","798,660","800,918","734,218","-","-6.38%"
"Dec 12, 2021","798,889","787,493","810,662","777,876","-","1.33%"
"Dec 11, 2021","788,427","752,687","790,052","747,989","-","4.72%"
"Dec 10, 2021","752,914","758,498","793,955","750,928","-","-0.94%"
"Dec 09, 2021","760,093","792,997","799,204","756,732","-","-4.13%"
"Dec 08, 2021","792,833","801,887","805,238","769,498","-","-1.14%"
"Dec 07, 2021","801,968","802,909","824,386","794,938","-","-0.27%"
"Dec 06, 2021","804,101","793,340","809,081","753,944","-","1.53%"
"Dec 05, 2021","791,989","790,660","798,418","768,193","-","0.11%"
"Dec 04, 2021","791,116","861,871","865,635","704,273","-","-8.09%"
"Dec 03, 2021","860,708","900,519","915,597","840,557","-","-4.37%"
"Dec 02, 2021","900,040","915,733","918,697","887,987","-","-1.80%"
"Dec 01, 2021","916,495","904,393","935,089","895,633","-","1.21%"
"Nov 30, 2021","905,561","932,110","940,634","903,336","-","-2.82%"
"Nov 29, 2021","931,884","924,267","950,840","914,699","-","0.94%"
"Nov 28, 2021","923,199","893,586","929,617","872,181","-","3.24%"
"Nov 27, 2021","894,218","876,881","901,904","875,440","-","2.32%"
"Nov 26, 2021","873,916","951,550","955,727","866,352","-","-8.01%"
"Nov 25, 2021","950,058","908,130","951,286","905,578","-","4.67%"
"Nov 24, 2021","907,710","912,690","915,115","890,456","-","-0.46%"
"Nov 23, 2021","911,883","891,729","916,297","879,330","-","2.19%"
"Nov 22, 2021","892,347","923,096","934,270","882,564","-","-3.35%"
"Nov 21, 2021","923,286","939,751","944,279","921,242","-","-1.76%"
"Nov 20, 2021","939,866","913,947","941,630","904,561","-","2.86%"
"Nov 19, 2021","913,723","890,285","917,350","870,023","-","2.58%"
"Nov 18, 2021","890,737","934,639","943,204","884,467","-","-4.70%"
"Nov 17, 2021","934,627","932,590","943,548","909,272","-","0.17%"
"Nov 16, 2021","933,052","968,470","968,470","895,188","-","-3.49%"
"Nov 15, 2021","966,749","1,005,539","1,014,832","966,707","-","-3.74%"
"Nov 14, 2021","1,004,318","989,113","1,005,442","977,097","-","1.52%"
"Nov 13, 2021","989,243","985,008","997,086","973,411","-","0.32%"
"Nov 12, 2021","986,088","991,638","1,001,529","952,918","-","-0.63%"
"Nov 11, 2021","992,377","1,001,959","1,008,381","983,632","-","-1.14%"
"Nov 10, 2021","1,003,800","1,008,188","1,057,201","972,839","-","-0.46%"
"Nov 09, 2021","1,008,485","1,007,664","1,022,883","998,144","-","0.06%"
"Nov 08, 2021","1,007,893","953,491","1,011,000","951,971","-","5.74%"
"Nov 07, 2021","953,158","924,833","953,311","922,716","-","3.10%"
"Nov 06, 2021","924,518","917,143","925,658","903,931","-","0.72%"
"Nov 05, 2021","917,944","934,025","954,786","912,669","-","-1.71%"
"Nov 04, 2021","933,915","958,957","961,383","924,164","-","-2.66%"
"Nov 03, 2021","959,448","975,765","979,072","939,462","-","-1.60%"
"Nov 02, 2021","975,044","939,957","990,201","935,493","-","3.70%"
"Nov 01, 2021","940,253","933,347","957,012","909,193","-","0.75%"
"Oct 31, 2021","933,263","941,215","949,606","913,356","-","-0.90%"
"Oct 30, 2021","941,709","947,380","948,354","926,422","-","-0.61%"
"Oct 29, 2021","947,473","917,471","961,262","913,541","-","3.28%"
"Oct 28, 2021","917,398","880,366","939,741","876,295","-","4.20%"
"Oct 27, 2021","880,389","895,252","912,082","869,050","-","-1.62%"
"Oct 26, 2021","894,925","928,004","931,427","889,285","-","-3.55%"
"Oct 25, 2021","927,885","902,311","935,955","899,212","-","2.78%"
"Oct 24, 2021","902,772","908,874","910,934","882,370","-","-0.69%"
"Oct 23, 2021","909,079","899,676","914,997","885,491","-","1.05%"
"Oct 22, 2021","899,598","913,157","935,218","891,211","-","-1.45%"
"Oct 21, 2021","912,796","951,063","967,035","910,594","-","-4.01%"
"Oct 20, 2021","950,928","932,936","967,296","923,181","-","1.93%"
"Oct 19, 2021","932,920","910,593","935,824","894,014","-","2.39%"
"Oct 18, 2021","911,116","899,039","919,092","886,697","-","1.31%"
"Oct 17, 2021","899,330","888,894","900,624","864,255","-","1.13%"
"Oct 16, 2021","889,252","900,562","910,167","879,271","-","-1.22%"
"Oct 15, 2021","900,213","847,591","918,977","841,186","-","6.27%"
"Oct 14, 2021","847,070","848,532","866,163","841,721","-","-0.20%"
"Oct 13, 2021","848,766","838,740","853,171","807,616","-","1.18%"
"Oct 12, 2021","838,859","866,124","868,095","813,927","-","-3.12%"
"Oct 11, 2021","865,831","816,443","869,521","814,155","-","5.90%"
"Oct 10, 2021","817,565","820,295","842,631","807,633","-","-0.36%"
"Oct 09, 2021","820,540","804,948","827,141","801,978","-","1.87%"
"Oct 08, 2021","805,477","804,172","835,692","803,080","-","0.16%"
"Oct 07, 2021","804,167","828,499","828,499","796,051","-","-2.96%"
"Oct 06, 2021","828,685","773,039","832,527","764,652","-","7.12%"
"Oct 05, 2021","773,604","740,276","778,601","738,086","-","4.47%"
"Oct 04, 2021","740,481","716,065","744,260","705,579","-","3.43%"
"Oct 03, 2021","715,945","709,348","731,243","701,933","-","0.90%"
"Oct 02, 2021","709,571","716,426","718,292","706,048","-","-0.95%"
"Oct 01, 2021","716,367","660,950","720,455","653,765","-","8.46%"
"Sep 30, 2021","660,511","631,067","664,488","628,998","-","4.63%"
"Sep 29, 2021","631,265","619,439","641,328","616,744","-","1.98%"
"Sep 28, 2021","619,006","630,372","641,636","617,988","-","-1.98%"
"Sep 27, 2021","631,480","644,980","662,054","630,449","-","-2.15%"
"Sep 26, 2021","645,374","638,155","656,295","609,635","-","1.16%"
"Sep 25, 2021","637,946","640,020","642,092","623,534","-","-0.32%"
"Sep 24, 2021","639,965","662,349","671,993","612,603","-","-3.38%"
"Sep 23, 2021","662,354","644,482","662,506","634,782","-","2.73%"
"Sep 22, 2021","644,764","605,987","646,870","603,147","-","6.66%"
"Sep 21, 2021","604,523","635,484","646,150","588,876","-","-4.56%"
"Sep 20, 2021","633,392","698,604","699,264","629,276","-","-9.25%"
"Sep 19, 2021","697,957","713,653","714,179","691,852","-","-2.20%"
"Sep 18, 2021","713,667","698,633","720,441","695,724","-","2.14%"
"Sep 17, 2021","698,737","697,742","703,456","688,937","-","0.14%"
"Sep 16, 2021","697,751","692,858","702,641","682,501","-","0.62%"
"Sep 15, 2021","693,438","674,627","700,697","670,767","-","2.81%"
"Sep 14, 2021","674,496","636,019","675,934","632,668","-","6.08%"
"Sep 13, 2021","635,817","653,657","660,719","617,069","-","-2.80%"
"Sep 12, 2021","654,103","641,692","658,846","635,867","-","1.94%"
"Sep 11, 2021","641,663","637,171","653,239","635,810","-","0.66%"
"Sep 10, 2021","637,476","658,977","667,520","629,218","-","-3.20%"
"Sep 09, 2021","658,541","653,486","670,332","647,055","-","0.74%"
"Sep 08, 2021","653,693","669,766","676,436","637,878","-","-2.31%"
"Sep 07, 2021","669,150","749,872","752,579","617,594","-","-10.69%"
"Sep 06, 2021","749,268","740,689","750,531","726,787","-","1.17%"
"Sep 05, 2021","740,599","714,591","741,337","708,679","-","3.65%"
"Sep 04, 2021","714,523","715,704","723,411","708,693","-","-0.18%"
"Sep 03, 2021","715,778","711,350","729,068","697,133","-","0.52%"
"Sep 02, 2021","712,066","702,520","723,665","699,443","-","1.29%"
"Sep 01, 2021","703,010","683,913","703,939","675,827","-","2.73%"
"Aug 31, 2021","684,353","688,296","701,574","679,242","-","-0.77%"
"Aug 30, 2021","689,695","717,520","719,545","687,298","-","-3.94%"
"Aug 29, 2021","717,996","719,912","730,603","704,185","-","-0.23%"
"Aug 28, 2021","719,631","722,355","725,605","713,457","-","-0.33%"
"Aug 27, 2021","722,000","699,332","722,893","692,258","-","3.12%"
"Aug 26, 2021","700,138","732,532","737,505","691,372","-","-4.43%"
"Aug 25, 2021","732,559","715,627","736,762","704,253","-","2.26%"
"Aug 24, 2021","716,336","749,283","754,092","714,587","-","-4.50%"
"Aug 23, 2021","750,069","754,500","769,973","741,530","-","-0.61%"
"Aug 22, 2021","754,649","747,355","757,690","736,842","-","0.92%"
"Aug 21, 2021","747,760","754,819","760,587","738,732","-","-0.90%"
"Aug 20, 2021","754,526","712,181","754,915","710,095","-","5.96%"
"Aug 19, 2021","712,102","670,287","714,752","661,027","-","6.27%"
"Aug 18, 2021","670,083","666,095","686,455","660,281","-","0.60%"
"Aug 17, 2021","666,106","681,250","699,477","663,830","-","-2.32%"
"Aug 16, 2021","681,947","691,384","707,976","677,889","-","-1.39%"
"Aug 15, 2021","691,528","693,397","697,277","671,547","-","-0.25%"
"Aug 14, 2021","693,241","704,003","708,217","679,515","-","-1.53%"
"Aug 13, 2021","703,980","656,476","704,382","654,070","-","7.26%"
"Aug 12, 2021","656,303","667,217","677,751","647,068","-","-1.64%"
"Aug 11, 2021","667,246","674,606","690,586","667,246","-","-1.13%"
"Aug 10, 2021","674,862","684,374","689,690","661,314","-","-1.51%"
"Aug 09, 2021","685,188","642,731","686,100","628,411","-","6.67%"
"Aug 08, 2021","642,373","652,216","662,533","633,815","-","-1.50%"
"Aug 07, 2021","652,162","625,918","653,850","622,248","-","4.12%"
"Aug 06, 2021","626,344","592,969","634,500","579,885","-","5.63%"
"Aug 05, 2021","592,986","570,812","603,326","538,335","-","3.88%"
"Aug 04, 2021","570,848","547,014","573,970","535,283","-","4.57%"
"Aug 03, 2021","545,897","566,219","574,694","539,723","-","-3.69%"
"Aug 02, 2021","566,822","582,298","590,833","560,205","-","-2.94%"
"Aug 01, 2021","583,995","604,381","620,485","578,292","-","-3.48%"
"Jul 31, 2021","605,072","615,047","615,058","598,514","-","-1.77%"
"Jul 30, 2021","615,973","582,926","615,973","557,490","-","5.80%"
"Jul 29, 2021","582,226","589,112","594,979","573,514","-","-1.24%"
"Jul 28, 2021","589,508","583,484","603,998","576,336","-","1.07%"
"Jul 27, 2021","583,283","550,861","583,283","538,758","-","5.80%"
"Jul 26, 2021","551,321","524,935","598,771","523,117","-","5.15%"
"Jul 25, 2021","524,331","510,776","524,657","503,121","-","4.39%"
"Jul 24, 2021","502,297","499,044","503,957","496,299","-","0.74%"
"Jul 23, 2021","498,607","475,129","498,607","473,891","-","4.94%"
"Jul 22, 2021","475,136","468,239","478,815","460,989","-","1.56%"
"Jul 21, 2021","467,849","436,057","477,217","432,241","-","7.33%"
"Jul 20, 2021","435,900","449,033","451,710","425,818","-","-2.83%"
"Jul 19, 2021","448,573","457,650","461,074","442,803","-","-1.99%"
"Jul 18, 2021","457,703","455,884","468,908","451,946","-","0.41%"
"Jul 17, 2021","455,812","454,140","461,877","451,598","-","0.26%"
"Jul 16, 2021","454,643","463,962","466,579","446,970","-","-1.77%"
"Jul 15, 2021","462,851","475,660","481,427","455,016","-","-2.67%"
"Jul 14, 2021","475,553","482,376","483,236","466,115","-","-1.36%"
"Jul 13, 2021","482,086","476,582","486,022","471,539","-","1.02%"
"Jul 12, 2021","477,241","488,393","495,122","470,262","-","-2.21%"
"Jul 11, 2021","488,016","474,770","492,096","472,026","-","2.82%"
"Jul 10, 2021","474,653","478,824","484,829","468,535","-","-0.96%"
"Jul 09, 2021","479,232","470,399","483,066","462,608","-","1.89%"
"Jul 08, 2021","470,363","483,517","485,502","461,960","-","-2.87%"
"Jul 07, 2021","484,253","491,808","500,855","483,560","-","-1.54%"
"Jul 06, 2021","491,838","480,275","498,529","480,061","-","2.45%"
"Jul 05, 2021","480,099","501,649","501,649","472,979","-","-4.48%"
"Jul 04, 2021","502,640","494,906","513,337","494,906","-","1.56%"
"Jul 03, 2021","494,906","481,702","496,808","475,305","-","2.68%"
"Jul 02, 2021","482,000","484,315","490,587","470,698","-","-0.53%"
"Jul 01, 2021","484,558","499,963","499,963","473,348","-","-3.09%"
"Jun 30, 2021","499,995","514,959","517,507","487,238","-","-2.86%"
"Jun 29, 2021","514,693","491,692","525,423","488,745","-","4.83%"
"Jun 28, 2021","490,995","490,676","501,621","484,159","-","0.22%"
"Jun 27, 2021","489,940","456,324","490,423","453,844","-","7.65%"
"Jun 26, 2021","455,114","447,525","462,461","427,926","-","1.61%"
"Jun 25, 2021","447,894","492,323","503,506","444,053","-","-9.06%"
"Jun 24, 2021","492,518","478,136","499,708","460,414","-","2.92%"
"Jun 23, 2021","478,551","463,321","492,842","452,467","-","3.36%"
"Jun 22, 2021","463,008","450,940","473,144","414,560","-","2.62%"
"Jun 21, 2021","451,187","510,493","511,839","444,803","-","-11.74%"
"Jun 20, 2021","511,220","509,836","518,338","479,165","-","0.11%"
"Jun 19, 2021","510,643","513,314","522,041","500,364","-","-0.46%"
"Jun 18, 2021","513,007","537,041","538,140","503,896","-","-4.39%"
"Jun 17, 2021","536,573","537,423","557,286","528,829","-","-0.09%"
"Jun 16, 2021","537,058","552,868","557,460","528,508","-","-2.89%"
"Jun 15, 2021","553,043","558,153","570,687","545,107","-","-0.95%"
"Jun 14, 2021","558,342","535,456","562,750","532,231","-","4.04%"
"Jun 13, 2021","536,654","486,511","539,261","477,726","-","10.19%"
"Jun 12, 2021","487,032","511,769","513,512","476,294","-","-4.80%"
"Jun 11, 2021","511,612","499,169","513,875","489,142","-","2.69%"
"Jun 10, 2021","498,192","513,428","522,425","486,689","-","-2.80%"
"Jun 09, 2021","512,546","453,000","515,354","440,576","-","12.96%"
"Jun 08, 2021","453,759","453,374","460,724","422,929","-","-0.13%"
"Jun 07, 2021","454,355","480,190","495,189","452,008","-","-5.54%"
"Jun 06, 2021","480,996","477,301","489,609","473,471","-","0.75%"
"Jun 05, 2021","477,422","495,079","509,180","468,278","-","-3.60%"
"Jun 04, 2021","495,226","534,818","534,818","486,900","-","-7.23%"
"Jun 03, 2021","533,835","507,699","534,768","502,783","-","5.17%"
"Jun 02, 2021","507,608","504,955","519,702","494,825","-","0.55%"
"Jun 01, 2021","504,812","511,812","519,265","491,912","-","-1.35%"
"May 31, 2021","511,743","491,378","514,587","471,708","-","4.14%"
"May 30, 2021","491,390","476,399","501,044","460,689","-","3.22%"
"May 29, 2021","476,068","491,383","512,823","463,835","-","-3.09%"
"May 28, 2021","491,267","530,338","534,867","479,095","-","-6.98%"
"May 27, 2021","528,152","539,558","554,357","512,019","-","-2.13%"
"May 26, 2021","539,666","531,649","563,886","522,729","-","1.39%"
"May 25, 2021","532,284","539,749","553,198","505,631","-","-1.14%"
"May 24, 2021","538,406","484,749","554,724","480,846","-","11.27%"
"May 23, 2021","483,868","522,490","533,736","435,576","-","-7.46%"
"May 22, 2021","522,890","520,266","541,052","493,137","-","0.62%"
"May 21, 2021","519,647","566,740","588,116","469,233","-","-8.84%"
"May 20, 2021","570,019","517,276","594,939","493,382","-","9.47%"
"May 19, 2021","520,710","601,207","609,719","426,771","-","-13.32%"
"May 18, 2021","600,748","614,578","643,034","592,322","-","-2.11%"
"May 17, 2021","613,686","656,647","657,948","595,577","-","-6.48%"
"May 16, 2021","656,183","660,138","702,945","620,542","-","-0.72%"
"May 15, 2021","660,936","703,974","715,296","659,245","-","-6.18%"
"May 14, 2021","704,451","702,241","726,711","688,494","-","0.20%"
"May 13, 2021","703,032","694,424","723,072","652,518","-","1.04%"
"May 12, 2021","695,778","792,832","814,053","695,778","-","-12.23%"
"May 11, 2021","792,772","783,877","796,566","766,904","-","1.12%"
"May 10, 2021","783,955","820,453","836,739","751,319","-","-4.17%"
"May 09, 2021","818,067","826,657","832,559","793,518","-","-0.95%"
"May 08, 2021","825,897","805,781","835,926","800,986","-","2.48%"
"May 07, 2021","805,909","800,458","825,516","785,195","-","0.69%"
"May 06, 2021","800,395","825,333","832,416","785,645","-","-2.87%"
"May 05, 2021","824,023","781,909","832,485","780,903","-","5.39%"
"May 04, 2021","781,882","823,852","823,852","781,710","-","-4.98%"
"May 03, 2021","822,856","818,739","850,946","814,753","-","0.44%"
"May 02, 2021","819,280","837,900","838,796","813,522","-","-2.23%"
"May 01, 2021","837,971","836,651","847,360","826,662","-","0.00%"
"Apr 30, 2021","837,962","765,592","839,531","758,575","-","9.46%"
"Apr 29, 2021","765,532","780,711","784,899","748,759","-","-1.86%"
"Apr 28, 2021","780,009","791,543","802,998","770,292","-","-1.37%"
"Apr 27, 2021","790,865","769,912","796,037","760,986","-","2.58%"
"Apr 26, 2021","770,956","702,786","775,157","696,859","-","10.27%"
"Apr 25, 2021","699,143","715,095","721,289","672,467","-","-2.18%"
"Apr 24, 2021","714,694","729,916","730,609","696,131","-","-2.03%"
"Apr 23, 2021","729,484","739,180","745,263","681,448","-","-1.49%"
"Apr 22, 2021","740,530","767,322","791,182","724,577","-","-3.49%"
"Apr 21, 2021","767,308","807,925","811,062","764,649","-","-4.99%"
"Apr 20, 2021","807,567","792,163","815,994","758,924","-","1.91%"
"Apr 19, 2021","792,434","805,093","818,955","772,989","-","-1.45%"
"Apr 18, 2021","804,077","859,451","863,916","738,807","-","-6.47%"
"Apr 17, 2021","859,667","877,906","894,565","853,719","-","-2.13%"
"Apr 16, 2021","878,341","896,633","900,410","857,941","-","-1.93%"
"Apr 15, 2021","895,643","908,691","913,413","884,668","-","-1.20%"
"Apr 14, 2021","906,497","923,938","938,499","884,352","-","-1.73%"
"Apr 13, 2021","922,425","872,276","926,974","871,482","-","5.75%"
"Apr 12, 2021","872,245","877,937","896,159","870,151","-","-0.40%"
"Apr 11, 2021","875,706","872,095","885,828","865,296","-","0.41%"
"Apr 10, 2021","872,099","848,805","894,824","845,568","-","2.77%"
"Apr 09, 2021","848,587","843,187","857,244","841,004","-","0.60%"
"Apr 08, 2021","843,518","815,872","843,518","812,158","-","3.57%"
"Apr 07, 2021","814,449","841,426","850,772","809,506","-","-3.19%"
"Apr 06, 2021","841,250","860,999","865,564","834,203","-","-2.02%"
"Apr 05, 2021","858,581","852,493","861,982","832,491","-","0.60%"
"Apr 04, 2021","853,429","836,293","856,894","827,587","-","2.11%"
"Apr 03, 2021","835,801","864,431","876,120","833,935","-","-3.34%"
"Apr 02, 2021","864,709","859,555","879,529","855,142","-","0.66%"
"Apr 01, 2021","859,007","868,485","876,926","849,896","-","-1.05%"
"Mar 31, 2021","868,095","876,048","893,112","845,785","-","-0.86%"
"Mar 30, 2021","875,666","860,350","887,021","850,208","-","1.80%"
"Mar 29, 2021","860,145","836,151","876,927","826,362","-","2.88%"
"Mar 28, 2021","836,048","836,384","845,602","820,109","-","-0.01%"
"Mar 27, 2021","836,172","823,900","846,448","808,668","-","1.40%"
"Mar 26, 2021","824,638","769,763","824,638","769,763","-","6.92%"
"Mar 25, 2021","771,288","784,098","794,436","754,607","-","-1.84%"
"Mar 24, 2021","785,776","808,843","847,484","775,205","-","-3.17%"
"Mar 23, 2021","811,518","796,759","825,204","785,391","-","1.67%"
"Mar 22, 2021","798,197","851,394","861,296","791,068","-","-6.16%"
"Mar 21, 2021","850,638","854,620","867,337","818,036","-","-0.38%"
"Mar 20, 2021","853,883","854,721","880,723","851,365","-","-0.11%"
"Mar 19, 2021","854,788","849,574","875,107","829,871","-","0.56%"
"Mar 18, 2021","850,055","865,501","887,382","844,349","-","-1.39%"
"Mar 17, 2021","862,021","846,599","863,504","809,181","-","1.89%"
"Mar 16, 2021","846,043","827,668","846,043","793,053","-","2.02%"
"Mar 15, 2021","829,327","884,469","905,942","822,601","-","-6.18%"
"Mar 14, 2021","883,979","915,362","922,424","883,979","-","-3.56%"
"Mar 13, 2021","916,645","856,525","924,740","839,389","-","7.05%"
"Mar 12, 2021","856,275","858,586","862,017","824,079","-","0.03%"
"Mar 11, 2021","856,005","841,986","862,525","812,580","-","1.33%"
"Mar 10, 2021","844,780","839,516","863,545","813,499","-","0.75%"
"Mar 09, 2021","838,510","814,307","843,526","807,191","-","3.32%"
"Mar 08, 2021","811,541","781,732","813,534","761,597","-","3.59%"
"Mar 07, 2021","783,431","751,794","789,478","751,794","-","4.23%"
"Mar 06, 2021","751,633","750,402","756,448","724,761","-","0.05%"
"Mar 05, 2021","751,225","739,682","758,879","710,554","-","1.45%"
"Mar 04, 2021","740,488","760,555","781,009","727,005","-","-2.73%"
"Mar 03, 2021","761,263","722,974","782,382","719,010","-","5.34%"
"Mar 02, 2021","722,683","743,682","752,479","703,068","-","-2.85%"
"Mar 01, 2021","743,867","680,189","746,778","677,329","-","9.77%"
"Feb 28, 2021","677,667","696,830","703,554","650,905","-","-2.86%"
"Feb 27, 2021","697,591","700,020","730,588","680,416","-","-0.31%"
"Feb 26, 2021","699,726","706,783","734,351","660,473","-","-0.69%"
"Feb 25, 2021","704,556","721,038","768,561","704,556","-","-2.19%"
"Feb 24, 2021","720,336","711,876","747,123","684,637","-","1.24%"
"Feb 23, 2021","711,518","793,582","793,582","659,347","-","-10.44%"
"Feb 22, 2021","794,478","843,580","844,214","720,131","-","-5.79%"
"Feb 21, 2021","843,326","821,573","857,187","815,432","-","2.48%"
"Feb 20, 2021","822,942","821,183","845,237","796,057","-","0.23%"
"Feb 19, 2021","821,093","753,603","826,449","743,128","-","9.09%"
"Feb 18, 2021","752,686","763,829","768,306","743,168","-","-1.38%"
"Feb 17, 2021","763,248","722,220","769,386","721,204","-","5.82%"
"Feb 16, 2021","721,279","692,479","732,608","679,477","-","4.14%"
"Feb 15, 2021","692,623","706,889","710,982","663,650","-","-2.13%"
"Feb 14, 2021","707,679","686,150","723,181","684,462","-","3.23%"
"Feb 13, 2021","685,539","688,977","699,449","673,175","-","-0.67%"
"Feb 12, 2021","690,149","702,109","716,144","676,522","-","-1.71%"
"Feb 11, 2021","702,156","661,901","710,577","650,086","-","6.04%"
"Feb 10, 2021","662,183","683,912","696,181","644,754","-","-3.25%"
"Feb 09, 2021","684,446","688,849","713,701","666,123","-","-0.70%"
"Feb 08, 2021","689,273","579,133","694,448","566,307","-","18.87%"
"Feb 07, 2021","579,848","582,008","588,980","554,745","-","-0.54%"
"Feb 06, 2021","583,003","568,385","607,279","568,263","-","2.56%"
"Feb 05, 2021","568,433","554,271","572,380","549,560","-","2.52%"
"Feb 04, 2021","554,474","562,382","578,988","548,693","-","-1.35%"
"Feb 03, 2021","562,068","530,624","562,068","530,360","-","5.88%"
"Feb 02, 2021","530,842","504,135","538,918","502,864","-","5.15%"
"Feb 01, 2021","504,859","502,658","523,942","490,165","-","0.47%"
"Jan 31, 2021","502,493","519,562","520,563","487,880","-","-3.18%"
"Jan 30, 2021","518,978","520,264","529,602","499,063","-","-0.20%"
"Jan 29, 2021","520,016","507,179","577,144","486,155","-","2.45%"
"Jan 28, 2021","507,570","464,423","512,561","457,438","-","9.40%"
"Jan 27, 2021","463,978","489,269","489,698","448,210","-","-5.18%"
"Jan 26, 2021","489,331","490,222","500,507","465,468","-","-0.50%"
"Jan 25, 2021","491,809","488,102","529,834","485,975","-","0.73%"
"Jan 24, 2021","488,242","486,073","500,546","469,470","-","0.38%"
"Jan 23, 2021","486,376","499,947","506,463","475,899","-","-2.88%"
"Jan 22, 2021","500,793","461,403","511,764","433,116","-","8.47%"
"Jan 21, 2021","461,668","528,173","529,383","450,632","-","-12.63%"
"Jan 20, 2021","528,393","537,468","545,300","498,473","-","-2.10%"
"Jan 19, 2021","539,751","555,419","565,608","539,751","-","-2.75%"
"Jan 18, 2021","555,014","547,535","574,167","531,198","-","1.65%"
"Jan 17, 2021","545,988","548,626","560,388","516,167","-","-0.61%"
"Jan 16, 2021","549,365","559,715","577,527","539,084","-","-2.02%"
"Jan 15, 2021","560,690","591,595","599,620","526,517","-","-5.56%"
"Jan 14, 2021","593,713","570,783","606,312","561,181","-","4.08%"
"Jan 13, 2021","570,466","516,311","575,394","494,697","-","10.03%"
"Jan 12, 2021","518,448","549,387","566,940","501,555","-","-6.05%"
"Jan 11, 2021","551,842","584,744","584,744","472,892","-","-5.63%"
"Jan 10, 2021","584,748","613,267","632,120","539,400","-","-4.65%"
"Jan 09, 2021","613,287","620,728","632,346","593,658","-","-1.36%"
"Jan 08, 2021","621,749","610,379","640,429","565,841","-","2.32%"
"Jan 07, 2021","607,654","553,552","619,738","548,871","-","9.63%"
"Jan 06, 2021","554,272","509,080","555,189","500,442","-","9.29%"
"Jan 05, 2021","507,172","471,696","514,892","440,378","-","7.73%"
"Jan 04, 2021","470,760","483,766","490,090","411,969","-","-2.47%"
"Jan 03, 2021","482,665","471,773","509,296","469,067","-","2.33%"
"Jan 02, 2021","471,676","430,011","487,431","425,025","-","9.72%"
"Jan 01, 2021","429,910","423,973","433,881","420,339","-","1.24%"
"Dec 31, 2020","424,665","422,491","428,756","412,023","-","0.50%"
"Dec 30, 2020","422,531","403,066","423,847","401,928","-","4.82%"
"Dec 29, 2020","403,107","396,497","403,256","379,183","-","1.70%"
"Dec 28, 2020","396,350","384,762","400,468","382,627","-","3.14%"
"Dec 27, 2020","384,281","386,593","414,678","378,279","-","-0.61%"
"Dec 26, 2020","386,653","360,920","392,362","358,122","-","7.34%"
"Dec 25, 2020","360,226","346,952","362,013","342,269","-","3.76%"
"Dec 24, 2020","347,176","338,963","347,628","331,775","-","2.30%"
"Dec 23, 2020","339,356","349,665","353,217","331,649","-","-3.00%"
"Dec 22, 2020","349,847","331,904","349,847","327,453","-","5.37%"
"Dec 21, 2020","332,028","345,313","355,477","327,744","-","-4.00%"
"Dec 20, 2020","345,875","346,727","352,555","335,823","-","-0.31%"
"Dec 19, 2020","346,956","336,225","350,420","331,643","-","3.15%"
"Dec 18, 2020","336,372","334,393","341,218","325,841","-","0.73%"
"Dec 17, 2020","333,945","316,252","350,935","314,804","-","5.46%"
"Dec 16, 2020","316,643","289,220","318,923","287,313","-","9.48%"
"Dec 15, 2020","289,226","289,748","294,195","285,539","-","-0.13%"
"Dec 14, 2020","289,604","288,660","291,517","285,638","-","0.33%"
"Dec 13, 2020","288,644","284,062","293,019","282,666","-","1.75%"
"Dec 12, 2020","283,686","272,174","285,821","272,174","-","3.95%"
"Dec 11, 2020","272,907","274,564","274,764","265,889","-","-0.45%"
"Dec 10, 2020","274,151","277,591","277,652","269,491","-","-1.23%"
"Dec 09, 2020","277,565","274,143","279,058","264,205","-","0.95%"
"Dec 08, 2020","274,943","290,840","292,380","273,393","-","-5.46%"
"Dec 07, 2020","290,826","294,685","295,568","286,566","-","-1.29%"
"Dec 06, 2020","294,636","291,547","294,976","287,356","-","1.03%"
"Dec 05, 2020","291,638","284,110","291,980","281,849","-","2.65%"
"Dec 04, 2020","284,121","295,023","296,458","283,448","-","-3.73%"
"Dec 03, 2020","295,129","293,870","298,091","289,236","-","0.55%"
"Dec 02, 2020","293,508","285,992","295,950","279,997","-","2.58%"
"Dec 01, 2020","286,134","304,104","305,139","278,907","-","-5.91%"
"Nov 30, 2020","304,111","277,089","305,238","277,089","-","9.80%"
"Nov 29, 2020","276,979","270,511","279,748","267,387","-","2.47%"
"Nov 28, 2020","270,308","261,489","272,644","257,518","-","3.54%"
"Nov 27, 2020","261,054","261,123","265,384","251,690","-","0.07%"
"Nov 26, 2020","260,860","283,173","286,141","246,764","-","-8.08%"
"Nov 25, 2020","283,794","290,987","297,050","280,585","-","-2.55%"
"Nov 24, 2020","291,212","282,444","297,936","277,750","-","3.00%"
"Nov 23, 2020","282,719","284,270","287,306","277,247","-","-0.44%"
"Nov 22, 2020","283,977","288,201","289,240","272,288","-","-1.47%"
"Nov 21, 2020","288,209","288,049","292,528","283,608","-","0.14%"
"Nov 20, 2020","287,806","274,785","288,114","273,981","-","4.79%"
"Nov 19, 2020","274,638","274,893","281,802","269,913","-","-0.00%"
"Nov 18, 2020","274,646","271,344","283,856","265,385","-","1.16%"
"Nov 17, 2020","271,502","255,980","275,228","253,652","-","6.09%"
"Nov 16, 2020","255,919","247,692","258,470","246,155","-","3.33%"
"Nov 15, 2020","247,677","249,144","250,479","244,764","-","-0.59%"
"Nov 14, 2020","249,153","253,036","253,107","243,659","-","-1.54%"
"Nov 13, 2020","253,054","255,045","257,845","248,585","-","-0.69%"
"Nov 12, 2020","254,804","245,195","255,646","241,882","-","3.90%"
"Nov 11, 2020","245,249","238,848","249,469","238,471","-","2.67%"
"Nov 10, 2020","238,881","235,979","240,706","234,293","-","1.31%"
"Nov 09, 2020","235,784","241,484","244,085","228,304","-","-2.32%"
"Nov 08, 2020","241,372","231,189","243,921","229,507","-","4.44%"
"Nov 07, 2020","231,112","242,876","245,670","224,382","-","-4.87%"
"Nov 06, 2020","242,954","245,101","250,693","237,597","-","-0.80%"
"Nov 05, 2020","244,904","224,470","247,294","223,280","-","9.20%"
"Nov 04, 2020","224,268","224,712","226,894","220,417","-","-0.12%"
"Nov 03, 2020","224,542","219,689","225,091","215,499","-","2.17%"
"Nov 02, 2020","219,775","224,227","225,148","214,790","-","-1.75%"
"Nov 01, 2020","223,685","224,137","225,652","221,460","-","-0.24%"
"Oct 31, 2020","224,219","220,264","228,724","218,362","-","1.83%"
"Oct 30, 2020","220,183","220,306","223,584","214,897","-","0.01%"
"Oct 29, 2020","220,166","217,248","223,843","213,360","-","1.30%"
"Oct 28, 2020","217,341","220,983","224,395","211,811","-","-1.60%"
"Oct 27, 2020","220,880","211,541","223,423","210,913","-","4.39%"
"Oct 26, 2020","211,587","211,465","214,830","207,848","-","0.14%"
"Oct 25, 2020","211,288","212,433","216,123","208,924","-","-0.56%"
"Oct 24, 2020","212,467","209,495","213,154","208,543","-","1.44%"
"Oct 23, 2020","209,461","210,235","211,386","206,594","-","-0.43%"
"Oct 22, 2020","210,367","209,052","213,640","207,319","-","0.50%"
"Oct 21, 2020","209,324","196,063","215,500","195,698","-","6.77%"
"Oct 20, 2020","196,058","194,192","197,443","193,151","-","0.97%"
"Oct 19, 2020","194,167","190,082","194,549","188,249","-","2.20%"
"Oct 18, 2020","189,988","188,067","190,053","187,865","-","1.04%"
"Oct 17, 2020","188,034","187,394","188,724","186,613","-","0.38%"
"Oct 16, 2020","187,332","191,541","192,115","186,091","-","-2.13%"
"Oct 15, 2020","191,405","188,763","192,943","188,021","-","1.40%"
"Oct 14, 2020","188,770","188,100","190,079","186,559","-","0.35%"
"Oct 13, 2020","188,120","190,309","190,831","187,159","-","-1.20%"
"Oct 12, 2020","190,409","187,670","193,229","185,809","-","1.47%"
"Oct 11, 2020","187,650","186,014","188,427","185,718","-","0.86%"
"Oct 10, 2020","186,059","182,048","189,042","182,042","-","2.19%"
"Oct 09, 2020","182,074","181,171","182,684","179,002","-","0.48%"
"Oct 08, 2020","181,205","177,395","181,492","175,197","-","2.11%"
"Oct 07, 2020","177,453","177,222","177,739","175,590","-","0.12%"
"Oct 06, 2020","177,243","178,799","179,470","175,472","-","-0.77%"
"Oct 05, 2020","178,615","175,726","178,627","174,571","-","1.55%"
"Oct 04, 2020","175,880","174,444","176,890","174,063","-","0.86%"
"Oct 03, 2020","174,387","174,904","175,351","173,764","-","-0.26%"
"Oct 02, 2020","174,846","176,230","177,367","172,902","-","-0.80%"
"Oct 01, 2020","176,255","180,526","181,715","173,985","-","-2.26%"
"Sep 30, 2020","180,333","183,654","183,663","178,769","-","-1.79%"
"Sep 29, 2020","183,611","181,665","184,592","180,006","-","0.89%"
"Sep 28, 2020","181,987","184,796","187,271","181,987","-","-1.41%"
"Sep 27, 2020","184,583","183,755","184,962","181,651","-","0.42%"
"Sep 26, 2020","183,801","183,074","184,812","182,468","-","0.44%"
"Sep 25, 2020","183,003","181,819","184,145","178,351","-","0.73%"
"Sep 24, 2020","181,684","175,411","182,707","174,656","-","3.67%"
"Sep 23, 2020","175,249","176,768","179,420","173,256","-","-0.80%"
"Sep 22, 2020","176,655","174,912","177,516","173,407","-","0.89%"
"Sep 21, 2020","175,092","177,885","179,575","174,476","-","-1.59%"
"Sep 20, 2020","177,927","180,951","180,951","175,891","-","-1.64%"
"Sep 19, 2020","180,899","178,522","182,523","177,809","-","1.34%"
"Sep 18, 2020","178,508","176,945","178,708","175,749","-","0.94%"
"Sep 17, 2020","176,853","178,500","180,207","175,162","-","-0.88%"
"Sep 16, 2020","178,421","177,411","180,878","175,649","-","0.63%"
"Sep 15, 2020","177,301","177,687","180,146","176,094","-","-0.24%"
"Sep 14, 2020","177,725","172,826","179,151","171,711","-","2.94%"
"Sep 13, 2020","172,650","174,863","177,195","171,127","-","-1.27%"
"Sep 12, 2020","174,870","173,997","175,462","172,106","-","0.49%"
"Sep 11, 2020","174,018","174,583","175,115","171,508","-","-0.38%"
"Sep 10, 2020","174,687","169,871","175,985","169,776","-","2.83%"
"Sep 09, 2020","169,873","172,064","172,269","169,169","-","-1.27%"
"Sep 08, 2020","172,062","173,569","174,337","167,692","-","-0.75%"
"Sep 07, 2020","173,361","170,222","174,109","165,501","-","1.79%"
"Sep 06, 2020","170,311","168,552","171,861","165,922","-","1.01%"
"Sep 05, 2020","168,601","173,343","175,147","163,913","-","-2.82%"
"Sep 04, 2020","173,497","170,156","176,053","164,940","-","1.87%"
"Sep 03, 2020","170,319","191,548","192,544","167,583","-","-11.06%"
"Sep 02, 2020","191,506","198,179","198,815","188,270","-","-3.42%"
"Sep 01, 2020","198,290","197,528","200,763","195,457","-","0.39%"
"Aug 31, 2020","197,527","194,272","199,069","192,747","-","1.81%"
"Aug 30, 2020","194,006","190,233","194,327","190,138","-","1.94%"
"Aug 29, 2020","190,315","191,193","192,081","189,712","-","-0.46%"
"Aug 28, 2020","191,202","193,080","193,790","189,628","-","-0.76%"
"Aug 27, 2020","192,667","193,165","195,200","190,339","-","-0.35%"
"Aug 26, 2020","193,347","190,486","195,360","189,101","-","1.52%"
"Aug 25, 2020","190,451","199,408","199,601","187,521","-","-4.48%"
"Aug 24, 2020","199,382","199,675","200,851","198,391","-","-0.17%"
"Aug 23, 2020","199,714","200,117","200,973","197,640","-","-0.30%"
"Aug 22, 2020","200,312","197,819","200,479","195,244","-","1.31%"
"Aug 21, 2020","197,730","204,417","204,967","197,234","-","-3.30%"
"Aug 20, 2020","204,470","203,006","205,518","201,567","-","0.79%"
"Aug 19, 2020","202,858","206,766","207,976","200,611","-","-2.05%"
"Aug 18, 2020","207,114","215,153","216,951","205,479","-","-3.59%"
"Aug 17, 2020","214,815","206,907","217,539","204,399","-","3.85%"
"Aug 16, 2020","206,843","206,075","207,454","203,426","-","0.24%"
"Aug 15, 2020","206,349","204,486","208,237","203,934","-","0.96%"
"Aug 14, 2020","204,394","205,620","206,516","202,453","-","-0.37%"
"Aug 13, 2020","205,151","201,961","205,260","197,217","-","1.58%"
"Aug 12, 2020","201,953","199,477","202,565","196,407","-","1.23%"
"Aug 11, 2020","199,500","210,575","211,320","194,804","-","-5.24%"
"Aug 10, 2020","210,521","206,517","213,361","204,264","-","1.94%"
"Aug 09, 2020","206,512","207,603","208,024","203,303","-","-0.48%"
"Aug 08, 2020","207,501","204,479","208,244","203,398","-","1.49%"
"Aug 07, 2020","204,462","205,079","208,988","199,760","-","-0.27%"
"Aug 06, 2020","205,012","203,525","208,214","200,438","-","0.76%"
"Aug 05, 2020","203,467","194,280","204,245","193,026","-","4.73%"
"Aug 04, 2020","194,281","193,038","196,569","192,431","-","0.65%"
"Aug 03, 2020","193,029","188,665","197,326","187,239","-","2.27%"
"Aug 02, 2020","188,749","201,415","206,491","180,166","-","-6.36%"
"Aug 01, 2020","201,567","193,501","202,347","191,577","-","4.31%"
"Jul 31, 2020","193,247","185,794","194,910","183,246","-","3.99%"
"Jul 30, 2020","185,824","183,662","187,286","181,681","-","1.12%"
"Jul 29, 2020","183,771","180,116","187,535","178,723","-","2.05%"
"Jul 28, 2020","180,083","180,777","184,940","175,327","-","-0.43%"
"Jul 27, 2020","180,858","165,551","186,743","165,431","-","9.23%"
"Jul 26, 2020","165,579","161,432","167,610","160,600","-","2.56%"
"Jul 25, 2020","161,440","158,758","161,874","158,595","-","1.66%"
"Jul 24, 2020","158,806","159,908","160,299","157,841","-","-0.70%"
"Jul 23, 2020","159,931","156,970","160,542","155,734","-","1.85%"
"Jul 22, 2020","157,033","154,106","157,033","152,509","-","1.94%"
"Jul 21, 2020","154,048","152,195","155,660","151,884","-","1.20%"
"Jul 20, 2020","152,222","153,746","153,925","152,149","-","-0.88%"
"Jul 19, 2020","153,569","152,972","153,837","151,888","-","0.40%"
"Jul 18, 2020","152,960","152,720","153,474","152,220","-","0.15%"
"Jul 17, 2020","152,731","152,954","153,232","151,702","-","-0.11%"
"Jul 16, 2020","152,901","152,618","153,611","150,821","-","0.25%"
"Jul 15, 2020","152,526","154,680","154,775","152,326","-","-1.37%"
"Jul 14, 2020","154,645","155,533","155,868","153,413","-","-0.60%"
"Jul 13, 2020","155,576","156,610","156,672","154,625","-","-0.56%"
"Jul 12, 2020","156,452","154,891","156,592","153,807","-","1.01%"
"Jul 11, 2020","154,880","155,763","155,971","154,062","-","-0.56%"
"Jul 10, 2020","155,751","155,502","156,252","153,876","-","0.16%"
"Jul 09, 2020","155,497","159,791","159,802","154,861","-","-2.69%"
"Jul 08, 2020","159,788","158,920","160,782","157,640","-","0.57%"
"Jul 07, 2020","158,889","158,568","159,103","157,186","-","0.12%"
"Jul 06, 2020","158,699","154,837","159,133","153,857","-","2.44%"
"Jul 05, 2020","154,925","155,480","155,549","152,135","-","-0.24%"
"Jul 04, 2020","155,305","154,175","156,332","153,943","-","0.61%"
"Jul 03, 2020","154,358","154,370","155,714","153,777","-","0.00%"
"Jul 02, 2020","154,356","157,479","157,844","152,077","-","-1.99%"
"Jul 01, 2020","157,488","158,506","159,011","156,872","-","-0.65%"
"Jun 30, 2020","158,526","158,646","159,676","157,778","-","-0.01%"
"Jun 29, 2020","158,547","157,639","159,538","155,803","-","0.32%"
"Jun 28, 2020","158,047","155,347","158,392","154,263","-","1.71%"
"Jun 27, 2020","155,396","157,932","158,516","152,658","-","-1.60%"
"Jun 26, 2020","157,920","158,679","159,695","156,315","-","-0.53%"
"Jun 25, 2020","158,759","162,084","162,500","157,450","-","-2.08%"
"Jun 24, 2020","162,137","165,515","166,629","160,698","-","-2.07%"
"Jun 23, 2020","165,570","167,454","168,444","165,044","-","-1.10%"
"Jun 22, 2020","167,405","161,687","168,910","161,588","-","3.50%"
"Jun 21, 2020","161,749","162,142","163,133","161,333","-","-0.21%"
"Jun 20, 2020","162,091","161,304","162,757","159,144","-","0.42%"
"Jun 19, 2020","161,412","163,434","163,898","160,454","-","-1.37%"
"Jun 18, 2020","163,652","162,653","164,975","161,719","-","0.67%"
"Jun 17, 2020","162,562","163,991","163,991","159,317","-","-0.80%"
"Jun 16, 2020","163,876","161,099","164,242","160,044","-","1.72%"
"Jun 15, 2020","161,113","160,363","162,491","154,206","-","0.43%"
"Jun 14, 2020","160,418","161,525","161,614","158,543","-","-0.60%"
"Jun 13, 2020","161,382","161,430","161,875","159,751","-","-0.04%"
"Jun 12, 2020","161,440","159,590","162,389","159,158","-","0.98%"
"Jun 11, 2020","159,874","163,289","166,249","157,281","-","-2.11%"
"Jun 10, 2020","163,323","162,354","164,305","160,360","-","0.64%"
"Jun 09, 2020","162,285","162,979","164,377","160,588","-","-0.38%"
"Jun 08, 2020","162,899","163,553","164,210","161,394","-","-0.32%"
"Jun 07, 2020","163,422","163,062","164,972","158,979","-","0.19%"
"Jun 06, 2020","163,109","162,352","164,124","160,903","-","0.47%"
"Jun 05, 2020","162,351","165,701","166,599","161,445","-","-1.95%"
"Jun 04, 2020","165,582","163,533","166,576","160,722","-","1.36%"
"Jun 03, 2020","163,363","163,456","164,475","161,175","-","-0.09%"
"Jun 02, 2020","163,507","177,784","177,784","160,391","-","-7.87%"
"Jun 01, 2020","177,472","166,149","179,996","165,143","-","6.71%"
"May 31, 2020","166,314","170,128","170,210","165,450","-","-2.24%"
"May 30, 2020","170,124","165,413","170,818","164,118","-","2.87%"
"May 29, 2020","165,382","167,900","168,345","163,920","-","-1.21%"
"May 28, 2020","167,405","159,740","168,246","158,290","-","4.89%"
"May 27, 2020","159,604","153,721","160,736","153,424","-","3.76%"
"May 26, 2020","153,825","157,076","157,415","151,498","-","-1.93%"
"May 25, 2020","156,854","153,087","158,166","152,427","-","2.11%"
"May 24, 2020","153,607","161,530","163,582","153,607","-","-4.87%"
"May 23, 2020","161,474","161,339","163,703","159,861","-","0.11%"
"May 22, 2020","161,294","159,416","163,630","157,879","-","1.50%"
"May 21, 2020","158,913","170,501","171,892","155,162","-","-6.84%"
"May 20, 2020","170,572","179,324","180,314","167,963","-","-4.80%"
"May 19, 2020","179,165","178,645","180,131","174,241","-","0.34%"
"May 18, 2020","178,556","179,890","184,670","175,851","-","-0.69%"
"May 17, 2020","179,792","174,193","183,349","173,332","-","3.16%"
"May 16, 2020","174,290","173,006","177,784","171,341","-","0.82%"
"May 15, 2020","172,877","180,507","181,317","170,294","-","-4.16%"
"May 14, 2020","180,379","172,438","183,910","171,586","-","4.90%"
"May 13, 2020","171,957","162,313","174,078","162,044","-","5.99%"
"May 12, 2020","162,240","157,635","164,239","157,452","-","2.37%"
"May 11, 2020","158,480","160,295","168,553","151,980","-","-1.19%"
"May 10, 2020","160,385","175,187","175,246","149,830","-","-8.31%"
"May 09, 2020","174,920","179,901","181,899","174,909","-","-2.85%"
"May 08, 2020","180,056","185,417","186,126","179,572","-","-2.96%"
"May 07, 2020","185,556","172,148","186,839","169,963","-","7.81%"
"May 06, 2020","172,121","166,800","176,382","165,147","-","3.05%"
"May 05, 2020","167,024","164,066","168,113","160,949","-","1.83%"
"May 04, 2020","164,018","168,230","168,971","160,912","-","-2.57%"
"May 03, 2020","168,336","168,778","172,812","164,176","-","-0.18%"
"May 02, 2020","168,648","166,061","169,462","164,976","-","1.62%"
"May 01, 2020","165,964","159,878","169,952","159,878","-","3.57%"
"Apr 30, 2020","160,243","159,433","171,649","155,210","-","0.69%"
"Apr 29, 2020","159,150","144,180","163,113","143,470","-","10.42%"
"Apr 28, 2020","144,129","146,332","146,356","143,335","-","-1.42%"
"Apr 27, 2020","146,205","147,026","147,804","143,585","-","-0.12%"
"Apr 26, 2020","146,386","143,681","146,551","143,409","-","1.87%"
"Apr 25, 2020","143,704","143,029","146,339","142,047","-","0.56%"
"Apr 24, 2020","142,905","142,997","144,589","141,027","-","0.04%"
"Apr 23, 2020","142,854","135,354","145,296","133,192","-","5.58%"
"Apr 22, 2020","135,305","129,780","136,115","129,595","-","4.26%"
"Apr 21, 2020","129,774","128,350","131,397","128,111","-","1.16%"
"Apr 20, 2020","128,291","134,025","136,018","127,673","-","-4.30%"
"Apr 19, 2020","134,050","136,249","136,466","132,754","-","-1.57%"
"Apr 18, 2020","136,193","132,055","136,846","131,841","-","3.04%"
"Apr 17, 2020","132,179","132,707","134,349","131,007","-","-0.35%"
"Apr 16, 2020","132,641","123,536","134,261","121,527","-","7.25%"
"Apr 15, 2020","123,674","125,707","128,652","123,475","-","-1.59%"
"Apr 14, 2020","125,674","123,894","128,200","121,836","-","1.48%"
"Apr 13, 2020","123,847","124,410","124,625","119,299","-","-0.52%"
"Apr 12, 2020","124,499","123,583","128,865","121,852","-","0.67%"
"Apr 11, 2020","123,671","123,274","124,631","121,567","-","0.27%"
"Apr 10, 2020","123,336","131,440","131,674","121,661","-","-6.21%"
"Apr 09, 2020","131,499","134,062","134,062","128,883","-","-1.89%"
"Apr 08, 2020","134,034","131,442","135,726","130,982","-","1.98%"
"Apr 07, 2020","131,426","136,864","139,048","129,464","-","-3.96%"
"Apr 06, 2020","136,845","130,480","136,845","130,276","-","4.91%"
"Apr 05, 2020","130,445","130,489","131,372","127,215","-","0.03%"
"Apr 04, 2020","130,402","128,051","132,923","126,765","-","1.77%"
"Apr 03, 2020","128,130","125,558","132,444","124,590","-","1.82%"
"Apr 02, 2020","125,834","121,277","132,165","119,262","-","3.90%"
"Apr 01, 2020","121,109","114,354","121,809","111,136","-","5.84%"
"Mar 31, 2020","114,428","114,518","117,057","113,389","-","-0.06%"
"Mar 30, 2020","114,501","105,361","117,678","104,844","-","8.55%"
"Mar 29, 2020","105,478","110,055","110,359","103,712","-","-4.10%"
"Mar 28, 2020","109,982","112,085","112,085","106,659","-","-1.94%"
"Mar 27, 2020","112,157","116,966","118,451","110,920","-","-4.08%"
"Mar 26, 2020","116,926","115,658","117,378","114,006","-","1.25%"
"Mar 25, 2020","115,481","118,127","119,984","112,630","-","-2.27%"
"Mar 24, 2020","118,165","114,896","120,950","112,910","-","2.57%"
"Mar 23, 2020","115,208","102,761","115,934","100,802","-","11.80%"
"Mar 22, 2020","103,049","108,811","112,596","101,818","-","-5.22%"
"Mar 21, 2020","108,725","109,176","113,033","103,605","-","-0.79%"
"Mar 20, 2020","109,588","107,255","119,110","101,091","-","2.13%"
"Mar 19, 2020","107,307","92,278","111,352","91,793","-","16.44%"
"Mar 18, 2020","92,156","88,119","92,975","84,287","-","4.50%"
"Mar 17, 2020","88,190","84,489","91,528","82,265","-","5.89%"
"Mar 16, 2020","83,281","87,281","87,526","74,583","-","-4.58%"
"Mar 15, 2020","87,281","84,240","94,911","83,160","-","4.06%"
"Mar 14, 2020","83,871","90,806","91,577","82,301","-","-7.73%"
"Mar 13, 2020","90,900","80,481","94,941","62,779","-","14.48%"
"Mar 12, 2020","79,405","129,198","129,462","74,763","-","-38.39%"
"Mar 11, 2020","128,879","125,893","129,345","123,079","-","2.23%"
"Mar 10, 2020","126,066","127,365","129,863","124,701","-","-1.07%"
"Mar 09, 2020","127,425","128,935","137,679","121,793","-","-1.34%"
"Mar 08, 2020","129,159","139,291","139,291","128,191","-","-7.32%"
"Mar 07, 2020","139,354","143,167","143,712","138,668","-","-2.65%"
"Mar 06, 2020","143,142","140,928","144,334","140,115","-","1.62%"
"Mar 05, 2020","140,860","133,614","143,115","133,614","-","5.39%"
"Mar 04, 2020","133,659","135,107","136,198","132,582","-","-0.98%"
"Mar 03, 2020","134,976","137,333","138,336","132,785","-","-1.65%"
"Mar 02, 2020","137,234","134,520","139,467","133,384","-","1.88%"
"Mar 01, 2020","134,697","133,461","136,901","132,016","-","0.86%"
"Feb 29, 2020","133,551","136,058","137,603","133,551","-","-1.87%"
"Feb 28, 2020","136,100","136,648","138,290","131,379","-","-0.29%"
"Feb 27, 2020","136,501","134,338","138,212","130,567","-","1.55%"
"Feb 26, 2020","134,423","141,795","142,738","131,593","-","-5.23%"
"Feb 25, 2020","141,844","146,093","147,159","140,902","-","-2.95%"
"Feb 24, 2020","146,154","149,963","150,369","143,637","-","-2.65%"
"Feb 23, 2020","150,132","144,768","150,255","144,727","-","3.67%"
"Feb 22, 2020","144,812","145,159","145,573","143,404","-","-0.28%"
"Feb 21, 2020","145,220","145,141","147,296","143,787","-","0.07%"
"Feb 20, 2020","145,111","143,729","146,415","142,910","-","0.89%"
"Feb 19, 2020","143,833","152,714","153,370","140,661","-","-5.78%"
"Feb 18, 2020","152,649","145,486","153,857","144,423","-","5.02%"
"Feb 17, 2020","145,357","147,622","148,349","141,753","-","-1.84%"
"Feb 16, 2020","148,089","147,720","149,826","143,866","-","0.27%"
"Feb 15, 2020","147,685","154,264","154,688","146,295","-","-4.26%"
"Feb 14, 2020","154,250","152,896","154,691","150,367","-","0.91%"
"Feb 13, 2020","152,857","153,575","156,648","150,363","-","-0.56%"
"Feb 12, 2020","153,718","151,500","154,638","150,905","-","1.53%"
"Feb 11, 2020","151,408","147,560","152,730","145,090","-","2.55%"
"Feb 10, 2020","147,644","153,173","153,694","146,701","-","-3.59%"
"Feb 09, 2020","153,141","149,251","153,177","148,989","-","2.60%"
"Feb 08, 2020","149,257","148,054","149,851","145,842","-","0.76%"
"Feb 07, 2020","148,134","145,805","148,584","145,212","-","1.63%"
"Feb 06, 2020","145,765","141,869","146,569","140,711","-","2.73%"
"Feb 05, 2020","141,897","135,973","143,831","135,800","-","4.40%"
"Feb 04, 2020","135,919","138,452","139,172","134,432","-","-1.86%"
"Feb 03, 2020","138,491","139,960","143,487","137,694","-","-1.19%"
"Feb 02, 2020","140,152","140,919","142,136","138,167","-","-0.52%"
"Feb 01, 2020","140,889","140,401","142,025","139,651","-","0.35%"
"Jan 31, 2020","140,400","140,360","141,436","137,687","-","0.04%"
"Jan 30, 2020","140,338","135,859","141,417","134,702","-","3.37%"
"Jan 29, 2020","135,761","136,688","137,881","135,072","-","-0.53%"
"Jan 28, 2020","136,486","130,028","136,570","129,783","-","4.97%"
"Jan 27, 2020","130,027","124,634","131,506","124,464","-","4.45%"
"Jan 26, 2020","124,483","120,074","124,502","119,549","-","3.59%"
"Jan 25, 2020","120,164","121,478","121,585","119,126","-","-1.11%"
"Jan 24, 2020","121,512","120,904","122,895","118,043","-","0.48%"
"Jan 23, 2020","120,935","124,604","124,604","119,681","-","-2.89%"
"Jan 22, 2020","124,530","126,779","127,425","123,331","-","-1.65%"
"Jan 21, 2020","126,621","125,458","127,250","123,619","-","1.02%"
"Jan 20, 2020","125,337","126,006","126,842","123,810","-","-0.60%"
"Jan 19, 2020","126,093","128,935","132,958","123,528","-","-2.21%"
"Jan 18, 2020","128,941","128,856","129,891","127,321","-","0.04%"
"Jan 17, 2020","128,883","125,741","129,697","125,008","-","2.39%"
"Jan 16, 2020","125,872","126,986","127,485","123,677","-","-0.91%"
"Jan 15, 2020","127,033","126,848","128,288","123,607","-","-0.20%"
"Jan 14, 2020","127,289","116,691","127,923","116,691","-","9.16%"
"Jan 13, 2020","116,608","117,359","117,515","115,321","-","-0.61%"
"Jan 12, 2020","117,322","115,034","117,490","114,280","-","1.92%"
"Jan 11, 2020","115,114","117,550","118,844","114,842","-","-2.09%"
"Jan 10, 2020","117,567","111,239","117,567","109,404","-","5.63%"
"Jan 09, 2020","111,303","114,077","114,077","110,400","-","-2.28%"
"Jan 08, 2020","113,902","117,062","121,765","111,684","-","-2.77%"
"Jan 07, 2020","117,146","110,290","118,001","110,290","-","6.23%"
"Jan 06, 2020","110,281","105,420","110,652","104,969","-","4.60%"
"Jan 05, 2020","105,433","105,191","107,159","104,827","-","0.17%"
"Jan 04, 2020","105,253","104,961","105,829","104,211","-","0.56%"
"Jan 03, 2020","104,662","98,152","105,442","96,980","-","6.66%"
"Jan 02, 2020","98,126","100,875","101,021","97,888","-","-2.72%"
"Jan 01, 2020","100,869","100,729","101,624","100,539","-","0.07%"